{
  "dish_categories": {
    "precision": 0.0,
    "recall": 0.0,
    "f1-score": 0.0,
    "support": 2,
    "confused_with": {}
  },
  "proteins": {
    "precision": 1.0,
    "recall": 0.3333333333333333,
    "f1-score": 0.5,
    "support": 3,
    "confused_with": {}
  },
  "fruits": {
    "precision": 1.0,
    "recall": 1.0,
    "f1-score": 1.0,
    "support": 1,
    "confused_with": {}
  },
  "vegetables": {
    "precision": 1.0,
    "recall": 0.5,
    "f1-score": 0.6666666666666666,
    "support": 4,
    "confused_with": {}
  },
  "cuisine": {
    "precision": 1.0,
    "recall": 1.0,
    "f1-score": 1.0,
    "support": 1,
    "confused_with": {}
  },
  "dairy": {
    "precision": 1.0,
    "recall": 0.5,
    "f1-score": 0.6666666666666666,
    "support": 6,
    "confused_with": {
      "grains": 1
    }
  },
  "micro avg": {
    "precision": 1.0,
    "recall": 0.47058823529411764,
    "f1-score": 0.6399999999999999,
    "support": 17
  },
  "macro avg": {
    "precision": 0.8333333333333334,
    "recall": 0.5555555555555555,
    "f1-score": 0.6388888888888888,
    "support": 17
  },
  "weighted avg": {
    "precision": 0.8823529411764706,
    "recall": 0.47058823529411764,
    "f1-score": 0.5980392156862745,
    "support": 17
  }
}