{
  "dish_categories": {
    "precision": 0.0,
    "recall": 0.0,
    "f1-score": 0.0,
    "support": 2,
    "confused_with": {}
  },
  "proteins": {
    "precision": 0.0,
    "recall": 0.0,
    "f1-score": 0.0,
    "support": 3,
    "confused_with": {}
  },
  "fruits": {
    "precision": 0.0,
    "recall": 0.0,
    "f1-score": 0.0,
    "support": 1,
    "confused_with": {}
  },
  "vegetables": {
    "precision": 0.0,
    "recall": 0.0,
    "f1-score": 0.0,
    "support": 4,
    "confused_with": {}
  },
  "cuisine": {
    "precision": 0.0,
    "recall": 0.0,
    "f1-score": 0.0,
    "support": 1,
    "confused_with": {}
  },
  "dairy": {
    "precision": 0.5,
    "recall": 0.16666666666666666,
    "f1-score": 0.25,
    "support": 6,
    "confused_with": {}
  },
  "micro avg": {
    "precision": 0.5,
    "recall": 0.058823529411764705,
    "f1-score": 0.10526315789473684,
    "support": 17
  },
  "macro avg": {
    "precision": 0.08333333333333333,
    "recall": 0.027777777777777776,
    "f1-score": 0.041666666666666664,
    "support": 17
  },
  "weighted avg": {
    "precision": 0.17647058823529413,
    "recall": 0.058823529411764705,
    "f1-score": 0.08823529411764706,
    "support": 17
  }
}