{
  "ask_healthy_eating_basic": {
    "precision": 1.0,
    "recall": 0.8333333333333334,
    "f1-score": 0.9090909090909091,
    "support": 6,
    "confused_with": {
      "ask_healthy_eating_examples": 1
    }
  },
  "ask_recipe": {
    "precision": 0.6666666666666666,
    "recall": 1.0,
    "f1-score": 0.8,
    "support": 2,
    "confused_with": {}
  },
  "ask_for_help": {
    "precision": 1.0,
    "recall": 0.6666666666666666,
    "f1-score": 0.8,
    "support": 3,
    "confused_with": {
      "ask_healthy_eating_examples": 1
    }
  },
  "goodbye": {
    "precision": 0.5,
    "recall": 1.0,
    "f1-score": 0.6666666666666666,
    "support": 1,
    "confused_with": {}
  },
  "greet": {
    "precision": 0.3333333333333333,
    "recall": 0.3333333333333333,
    "f1-score": 0.3333333333333333,
    "support": 3,
    "confused_with": {
      "thank": 1,
      "goodbye": 1
    }
  },
  "ask_for_a_joke": {
    "precision": 1.0,
    "recall": 1.0,
    "f1-score": 1.0,
    "support": 2,
    "confused_with": {}
  },
  "ask_healthy_eating_examples": {
    "precision": 0.75,
    "recall": 1.0,
    "f1-score": 0.8571428571428571,
    "support": 6,
    "confused_with": {}
  },
  "thank": {
    "precision": 0.0,
    "recall": 0.0,
    "f1-score": 0.0,
    "support": 3,
    "confused_with": {
      "greet": 2,
      "ask_recipe": 1
    }
  },
  "accuracy": 0.7307692307692307,
  "macro avg": {
    "precision": 0.65625,
    "recall": 0.7291666666666666,
    "f1-score": 0.6707792207792207,
    "support": 26
  },
  "weighted avg": {
    "precision": 0.7051282051282051,
    "recall": 0.7307692307692307,
    "f1-score": 0.7024642024642025,
    "support": 26
  }
}