{
  "ask_healthy_eating_basic": {
    "precision": 0.7142857142857143,
    "recall": 0.8333333333333334,
    "f1-score": 0.7692307692307692,
    "support": 6,
    "confused_with": {
      "ask_healthy_eating_examples": 1
    }
  },
  "ask_recipe": {
    "precision": 1.0,
    "recall": 1.0,
    "f1-score": 1.0,
    "support": 3,
    "confused_with": {}
  },
  "ask_for_help": {
    "precision": 1.0,
    "recall": 0.5,
    "f1-score": 0.6666666666666666,
    "support": 4,
    "confused_with": {
      "thank": 1,
      "ask_healthy_eating_examples": 1
    }
  },
  "goodbye": {
    "precision": 1.0,
    "recall": 0.5,
    "f1-score": 0.6666666666666666,
    "support": 2,
    "confused_with": {
      "greet": 1
    }
  },
  "greet": {
    "precision": 0.75,
    "recall": 1.0,
    "f1-score": 0.8571428571428571,
    "support": 3,
    "confused_with": {}
  },
  "ask_for_a_joke": {
    "precision": 1.0,
    "recall": 0.5,
    "f1-score": 0.6666666666666666,
    "support": 2,
    "confused_with": {
      "ask_healthy_eating_examples": 1
    }
  },
  "ask_healthy_eating_examples": {
    "precision": 0.5555555555555556,
    "recall": 0.7142857142857143,
    "f1-score": 0.6250000000000001,
    "support": 7,
    "confused_with": {
      "ask_healthy_eating_basic": 2
    }
  },
  "thank": {
    "precision": 0.5,
    "recall": 0.5,
    "f1-score": 0.5,
    "support": 2,
    "confused_with": {
      "ask_healthy_eating_examples": 1
    }
  },
  "accuracy": 0.7241379310344828,
  "macro avg": {
    "precision": 0.8149801587301587,
    "recall": 0.6934523809523809,
    "f1-score": 0.7189217032967032,
    "support": 29
  },
  "weighted avg": {
    "precision": 0.7732621784345922,
    "recall": 0.7241379310344828,
    "f1-score": 0.7205222937981558,
    "support": 29
  }
}