{
  "dish_categories": {
    "precision": 0.0,
    "recall": 0.0,
    "f1-score": 0.0,
    "support": 4,
    "confused_with": {}
  },
  "proteins": {
    "precision": 1.0,
    "recall": 0.3333333333333333,
    "f1-score": 0.5,
    "support": 3,
    "confused_with": {}
  },
  "fruits": {
    "precision": 1.0,
    "recall": 0.3333333333333333,
    "f1-score": 0.5,
    "support": 3,
    "confused_with": {}
  },
  "grains": {
    "precision": 0.0,
    "recall": 0.0,
    "f1-score": 0.0,
    "support": 1,
    "confused_with": {}
  },
  "vegetables": {
    "precision": 0.0,
    "recall": 0.0,
    "f1-score": 0.0,
    "support": 2,
    "confused_with": {}
  },
  "dairy": {
    "precision": 0.5,
    "recall": 0.25,
    "f1-score": 0.3333333333333333,
    "support": 4,
    "confused_with": {}
  },
  "micro avg": {
    "precision": 0.6,
    "recall": 0.17647058823529413,
    "f1-score": 0.2727272727272727,
    "support": 17
  },
  "macro avg": {
    "precision": 0.4166666666666667,
    "recall": 0.15277777777777776,
    "f1-score": 0.2222222222222222,
    "support": 17
  },
  "weighted avg": {
    "precision": 0.47058823529411764,
    "recall": 0.17647058823529413,
    "f1-score": 0.2549019607843137,
    "support": 17
  }
}