{
  "dish_categories": {
    "precision": 0.0,
    "recall": 0.0,
    "f1-score": 0.0,
    "support": 2,
    "confused_with": {
      "grains": 1
    }
  },
  "proteins": {
    "precision": 0.3333333333333333,
    "recall": 0.3333333333333333,
    "f1-score": 0.3333333333333333,
    "support": 3,
    "confused_with": {}
  },
  "fruits": {
    "precision": 0.0,
    "recall": 0.0,
    "f1-score": 0.0,
    "support": 1,
    "confused_with": {}
  },
  "vegetables": {
    "precision": 0.3333333333333333,
    "recall": 0.25,
    "f1-score": 0.28571428571428575,
    "support": 4,
    "confused_with": {}
  },
  "cuisine": {
    "precision": 0.0,
    "recall": 0.0,
    "f1-score": 0.0,
    "support": 1,
    "confused_with": {}
  },
  "dairy": {
    "precision": 0.0,
    "recall": 0.0,
    "f1-score": 0.0,
    "support": 6,
    "confused_with": {
      "proteins": 2
    }
  },
  "micro avg": {
    "precision": 0.2857142857142857,
    "recall": 0.11764705882352941,
    "f1-score": 0.16666666666666666,
    "support": 17
  },
  "macro avg": {
    "precision": 0.1111111111111111,
    "recall": 0.09722222222222221,
    "f1-score": 0.10317460317460318,
    "support": 17
  },
  "weighted avg": {
    "precision": 0.1372549019607843,
    "recall": 0.11764705882352941,
    "f1-score": 0.12605042016806725,
    "support": 17
  }
}