{
  "ask_healthy_eating_basic": {
    "precision": 0.5555555555555556,
    "recall": 0.8333333333333334,
    "f1-score": 0.6666666666666667,
    "support": 6,
    "confused_with": {
      "ask_healthy_eating_examples": 1
    }
  },
  "ask_recipe": {
    "precision": 0.5,
    "recall": 1.0,
    "f1-score": 0.6666666666666666,
    "support": 2,
    "confused_with": {}
  },
  "ask_for_help": {
    "precision": 1.0,
    "recall": 1.0,
    "f1-score": 1.0,
    "support": 3,
    "confused_with": {}
  },
  "goodbye": {
    "precision": 1.0,
    "recall": 1.0,
    "f1-score": 1.0,
    "support": 1,
    "confused_with": {}
  },
  "greet": {
    "precision": 1.0,
    "recall": 1.0,
    "f1-score": 1.0,
    "support": 3,
    "confused_with": {}
  },
  "ask_for_a_joke": {
    "precision": 0.0,
    "recall": 0.0,
    "f1-score": 0.0,
    "support": 2,
    "confused_with": {
      "ask_recipe": 2
    }
  },
  "ask_healthy_eating_examples": {
    "precision": 0.6666666666666666,
    "recall": 0.3333333333333333,
    "f1-score": 0.4444444444444444,
    "support": 6,
    "confused_with": {
      "ask_healthy_eating_basic": 4
    }
  },
  "thank": {
    "precision": 1.0,
    "recall": 1.0,
    "f1-score": 1.0,
    "support": 3,
    "confused_with": {}
  },
  "accuracy": 0.7307692307692307,
  "macro avg": {
    "precision": 0.7152777777777777,
    "recall": 0.7708333333333333,
    "f1-score": 0.7222222222222223,
    "support": 26
  },
  "weighted avg": {
    "precision": 0.7051282051282052,
    "recall": 0.7307692307692307,
    "f1-score": 0.6923076923076923,
    "support": 26
  }
}