{
  "dish_categories": {
    "precision": 0.0,
    "recall": 0.0,
    "f1-score": 0.0,
    "support": 4,
    "confused_with": {}
  },
  "proteins": {
    "precision": 1.0,
    "recall": 0.6666666666666666,
    "f1-score": 0.8,
    "support": 3,
    "confused_with": {}
  },
  "fruits": {
    "precision": 1.0,
    "recall": 0.3333333333333333,
    "f1-score": 0.5,
    "support": 3,
    "confused_with": {}
  },
  "grains": {
    "precision": 0.0,
    "recall": 0.0,
    "f1-score": 0.0,
    "support": 1,
    "confused_with": {}
  },
  "vegetables": {
    "precision": 0.5,
    "recall": 0.5,
    "f1-score": 0.5,
    "support": 2,
    "confused_with": {}
  },
  "dairy": {
    "precision": 1.0,
    "recall": 0.25,
    "f1-score": 0.4,
    "support": 4,
    "confused_with": {}
  },
  "micro avg": {
    "precision": 0.8333333333333334,
    "recall": 0.29411764705882354,
    "f1-score": 0.4347826086956522,
    "support": 17
  },
  "macro avg": {
    "precision": 0.5833333333333334,
    "recall": 0.2916666666666667,
    "f1-score": 0.3666666666666667,
    "support": 17
  },
  "weighted avg": {
    "precision": 0.6470588235294118,
    "recall": 0.29411764705882354,
    "f1-score": 0.38235294117647056,
    "support": 17
  }
}