{
  "dish_categories": {
    "precision": 0.5,
    "recall": 0.25,
    "f1-score": 0.3333333333333333,
    "support": 4,
    "confused_with": {
      "proteins": 1
    }
  },
  "proteins": {
    "precision": 0.3333333333333333,
    "recall": 0.5,
    "f1-score": 0.4,
    "support": 2,
    "confused_with": {}
  },
  "fruits": {
    "precision": 1.0,
    "recall": 0.25,
    "f1-score": 0.4,
    "support": 4,
    "confused_with": {}
  },
  "grains": {
    "precision": 0.6666666666666666,
    "recall": 0.6666666666666666,
    "f1-score": 0.6666666666666666,
    "support": 3,
    "confused_with": {
      "dish_categories": 1
    }
  },
  "vegetables": {
    "precision": 0.0,
    "recall": 0.0,
    "f1-score": 0.0,
    "support": 7,
    "confused_with": {
      "proteins": 1
    }
  },
  "cuisine": {
    "precision": 1.0,
    "recall": 1.0,
    "f1-score": 1.0,
    "support": 1,
    "confused_with": {}
  },
  "dairy": {
    "precision": 1.0,
    "recall": 1.0,
    "f1-score": 1.0,
    "support": 1,
    "confused_with": {}
  },
  "micro avg": {
    "precision": 0.6363636363636364,
    "recall": 0.3181818181818182,
    "f1-score": 0.4242424242424242,
    "support": 22
  },
  "macro avg": {
    "precision": 0.6428571428571429,
    "recall": 0.5238095238095238,
    "f1-score": 0.5428571428571428,
    "support": 22
  },
  "weighted avg": {
    "precision": 0.4848484848484848,
    "recall": 0.3181818181818182,
    "f1-score": 0.3515151515151515,
    "support": 22
  }
}