{
  "dish_categories": {
    "precision": 1.0,
    "recall": 0.5,
    "f1-score": 0.6666666666666666,
    "support": 2,
    "confused_with": {
      "grains": 1
    }
  },
  "proteins": {
    "precision": 0.0,
    "recall": 0.0,
    "f1-score": 0.0,
    "support": 3,
    "confused_with": {}
  },
  "fruits": {
    "precision": 0.0,
    "recall": 0.0,
    "f1-score": 0.0,
    "support": 1,
    "confused_with": {}
  },
  "vegetables": {
    "precision": 1.0,
    "recall": 0.5,
    "f1-score": 0.6666666666666666,
    "support": 4,
    "confused_with": {}
  },
  "cuisine": {
    "precision": 0.0,
    "recall": 0.0,
    "f1-score": 0.0,
    "support": 1,
    "confused_with": {}
  },
  "dairy": {
    "precision": 0.6666666666666666,
    "recall": 0.6666666666666666,
    "f1-score": 0.6666666666666666,
    "support": 6,
    "confused_with": {}
  },
  "micro avg": {
    "precision": 0.7777777777777778,
    "recall": 0.4117647058823529,
    "f1-score": 0.5384615384615384,
    "support": 17
  },
  "macro avg": {
    "precision": 0.4444444444444444,
    "recall": 0.27777777777777773,
    "f1-score": 0.3333333333333333,
    "support": 17
  },
  "weighted avg": {
    "precision": 0.5882352941176471,
    "recall": 0.4117647058823529,
    "f1-score": 0.47058823529411764,
    "support": 17
  }
}