{
  "ask_healthy_eating_basic": {
    "precision": 0.8571428571428571,
    "recall": 1.0,
    "f1-score": 0.923076923076923,
    "support": 6,
    "confused_with": {}
  },
  "ask_recipe": {
    "precision": 0.5,
    "recall": 0.5,
    "f1-score": 0.5,
    "support": 2,
    "confused_with": {
      "ask_for_help": 1
    }
  },
  "ask_for_help": {
    "precision": 0.75,
    "recall": 1.0,
    "f1-score": 0.8571428571428571,
    "support": 3,
    "confused_with": {}
  },
  "goodbye": {
    "precision": 0.5,
    "recall": 1.0,
    "f1-score": 0.6666666666666666,
    "support": 1,
    "confused_with": {}
  },
  "greet": {
    "precision": 1.0,
    "recall": 0.6666666666666666,
    "f1-score": 0.8,
    "support": 3,
    "confused_with": {
      "goodbye": 1
    }
  },
  "ask_for_a_joke": {
    "precision": 1.0,
    "recall": 0.5,
    "f1-score": 0.6666666666666666,
    "support": 2,
    "confused_with": {
      "ask_recipe": 1
    }
  },
  "ask_healthy_eating_examples": {
    "precision": 1.0,
    "recall": 0.8333333333333334,
    "f1-score": 0.9090909090909091,
    "support": 6,
    "confused_with": {
      "ask_healthy_eating_basic": 1
    }
  },
  "thank": {
    "precision": 1.0,
    "recall": 1.0,
    "f1-score": 1.0,
    "support": 3,
    "confused_with": {}
  },
  "accuracy": 0.8461538461538461,
  "macro avg": {
    "precision": 0.8258928571428572,
    "recall": 0.8125,
    "f1-score": 0.7903305028305028,
    "support": 26
  },
  "weighted avg": {
    "precision": 0.8804945054945055,
    "recall": 0.8461538461538461,
    "f1-score": 0.8447859832475216,
    "support": 26
  }
}