{
  "dish_categories": {
    "precision": 0.0,
    "recall": 0.0,
    "f1-score": 0.0,
    "support": 4,
    "confused_with": {}
  },
  "proteins": {
    "precision": 0.0,
    "recall": 0.0,
    "f1-score": 0.0,
    "support": 2,
    "confused_with": {}
  },
  "fruits": {
    "precision": 0.5,
    "recall": 0.25,
    "f1-score": 0.3333333333333333,
    "support": 4,
    "confused_with": {}
  },
  "grains": {
    "precision": 1.0,
    "recall": 0.3333333333333333,
    "f1-score": 0.5,
    "support": 3,
    "confused_with": {
      "dairy": 1
    }
  },
  "vegetables": {
    "precision": 0.0,
    "recall": 0.0,
    "f1-score": 0.0,
    "support": 7,
    "confused_with": {
      "proteins": 1
    }
  },
  "cuisine": {
    "precision": 0.0,
    "recall": 0.0,
    "f1-score": 0.0,
    "support": 1,
    "confused_with": {}
  },
  "dairy": {
    "precision": 0.0,
    "recall": 0.0,
    "f1-score": 0.0,
    "support": 1,
    "confused_with": {
      "proteins": 1
    }
  },
  "micro avg": {
    "precision": 0.3333333333333333,
    "recall": 0.09090909090909091,
    "f1-score": 0.14285714285714288,
    "support": 22
  },
  "macro avg": {
    "precision": 0.21428571428571427,
    "recall": 0.08333333333333333,
    "f1-score": 0.11904761904761904,
    "support": 22
  },
  "weighted avg": {
    "precision": 0.22727272727272727,
    "recall": 0.09090909090909091,
    "f1-score": 0.12878787878787878,
    "support": 22
  }
}