{
  "ask_healthy_eating_basic": {
    "precision": 0.6666666666666666,
    "recall": 1.0,
    "f1-score": 0.8,
    "support": 6,
    "confused_with": {}
  },
  "ask_recipe": {
    "precision": 1.0,
    "recall": 0.6666666666666666,
    "f1-score": 0.8,
    "support": 3,
    "confused_with": {
      "ask_healthy_eating_basic": 1
    }
  },
  "ask_for_help": {
    "precision": 0.6666666666666666,
    "recall": 1.0,
    "f1-score": 0.8,
    "support": 4,
    "confused_with": {}
  },
  "goodbye": {
    "precision": 0.3333333333333333,
    "recall": 0.5,
    "f1-score": 0.4,
    "support": 2,
    "confused_with": {
      "thank": 1
    }
  },
  "greet": {
    "precision": 1.0,
    "recall": 0.3333333333333333,
    "f1-score": 0.5,
    "support": 3,
    "confused_with": {
      "goodbye": 2
    }
  },
  "ask_for_a_joke": {
    "precision": 0.0,
    "recall": 0.0,
    "f1-score": 0.0,
    "support": 2,
    "confused_with": {
      "ask_for_help": 2
    }
  },
  "ask_healthy_eating_examples": {
    "precision": 1.0,
    "recall": 0.7142857142857143,
    "f1-score": 0.8333333333333333,
    "support": 7,
    "confused_with": {
      "ask_healthy_eating_basic": 2
    }
  },
  "thank": {
    "precision": 0.6666666666666666,
    "recall": 0.6666666666666666,
    "f1-score": 0.6666666666666666,
    "support": 3,
    "confused_with": {
      "ask_for_a_joke": 1
    }
  },
  "accuracy": 0.7,
  "macro avg": {
    "precision": 0.6666666666666666,
    "recall": 0.6101190476190476,
    "f1-score": 0.6000000000000001,
    "support": 30
  },
  "weighted avg": {
    "precision": 0.7444444444444444,
    "recall": 0.7,
    "f1-score": 0.6844444444444444,
    "support": 30
  }
}