{
  "dish_categories": {
    "precision": 1.0,
    "recall": 0.5,
    "f1-score": 0.6666666666666666,
    "support": 2,
    "confused_with": {
      "grains": 1
    }
  },
  "proteins": {
    "precision": 0.0,
    "recall": 0.0,
    "f1-score": 0.0,
    "support": 3,
    "confused_with": {}
  },
  "fruits": {
    "precision": 0.0,
    "recall": 0.0,
    "f1-score": 0.0,
    "support": 1,
    "confused_with": {}
  },
  "vegetables": {
    "precision": 1.0,
    "recall": 0.5,
    "f1-score": 0.6666666666666666,
    "support": 4,
    "confused_with": {}
  },
  "cuisine": {
    "precision": 0.0,
    "recall": 0.0,
    "f1-score": 0.0,
    "support": 1,
    "confused_with": {}
  },
  "dairy": {
    "precision": 0.8,
    "recall": 0.6666666666666666,
    "f1-score": 0.7272727272727272,
    "support": 6,
    "confused_with": {}
  },
  "micro avg": {
    "precision": 0.875,
    "recall": 0.4117647058823529,
    "f1-score": 0.56,
    "support": 17
  },
  "macro avg": {
    "precision": 0.4666666666666666,
    "recall": 0.27777777777777773,
    "f1-score": 0.3434343434343434,
    "support": 17
  },
  "weighted avg": {
    "precision": 0.6352941176470589,
    "recall": 0.4117647058823529,
    "f1-score": 0.4919786096256684,
    "support": 17
  }
}