{
  "ask_healthy_eating_basic": {
    "precision": 0.75,
    "recall": 1.0,
    "f1-score": 0.8571428571428571,
    "support": 6,
    "confused_with": {}
  },
  "ask_recipe": {
    "precision": 1.0,
    "recall": 0.3333333333333333,
    "f1-score": 0.5,
    "support": 3,
    "confused_with": {
      "ask_healthy_eating_basic": 1,
      "ask_for_help": 1
    }
  },
  "ask_for_help": {
    "precision": 0.6666666666666666,
    "recall": 1.0,
    "f1-score": 0.8,
    "support": 4,
    "confused_with": {}
  },
  "goodbye": {
    "precision": 1.0,
    "recall": 1.0,
    "f1-score": 1.0,
    "support": 2,
    "confused_with": {}
  },
  "greet": {
    "precision": 1.0,
    "recall": 0.6666666666666666,
    "f1-score": 0.8,
    "support": 3,
    "confused_with": {
      "ask_for_help": 1
    }
  },
  "ask_for_a_joke": {
    "precision": 1.0,
    "recall": 0.5,
    "f1-score": 0.6666666666666666,
    "support": 2,
    "confused_with": {
      "ask_healthy_eating_examples": 1
    }
  },
  "ask_healthy_eating_examples": {
    "precision": 0.8571428571428571,
    "recall": 0.8571428571428571,
    "f1-score": 0.8571428571428571,
    "support": 7,
    "confused_with": {
      "ask_healthy_eating_basic": 1
    }
  },
  "thank": {
    "precision": 1.0,
    "recall": 1.0,
    "f1-score": 1.0,
    "support": 3,
    "confused_with": {}
  },
  "accuracy": 0.8333333333333334,
  "macro avg": {
    "precision": 0.9092261904761905,
    "recall": 0.7946428571428571,
    "f1-score": 0.8101190476190476,
    "support": 30
  },
  "weighted avg": {
    "precision": 0.8722222222222221,
    "recall": 0.8333333333333334,
    "f1-score": 0.8192063492063492,
    "support": 30
  }
}