{
  "ask_healthy_eating_basic": {
    "precision": 0.8333333333333334,
    "recall": 0.8333333333333334,
    "f1-score": 0.8333333333333334,
    "support": 6,
    "confused_with": {
      "ask_healthy_eating_examples": 1
    }
  },
  "ask_recipe": {
    "precision": 1.0,
    "recall": 1.0,
    "f1-score": 1.0,
    "support": 3,
    "confused_with": {}
  },
  "ask_for_help": {
    "precision": 0.75,
    "recall": 0.75,
    "f1-score": 0.75,
    "support": 4,
    "confused_with": {
      "ask_healthy_eating_examples": 1
    }
  },
  "goodbye": {
    "precision": 1.0,
    "recall": 0.5,
    "f1-score": 0.6666666666666666,
    "support": 2,
    "confused_with": {
      "greet": 1
    }
  },
  "greet": {
    "precision": 0.75,
    "recall": 1.0,
    "f1-score": 0.8571428571428571,
    "support": 3,
    "confused_with": {}
  },
  "ask_for_a_joke": {
    "precision": 1.0,
    "recall": 0.5,
    "f1-score": 0.6666666666666666,
    "support": 2,
    "confused_with": {
      "ask_healthy_eating_examples": 1
    }
  },
  "ask_healthy_eating_examples": {
    "precision": 0.6666666666666666,
    "recall": 0.8571428571428571,
    "f1-score": 0.75,
    "support": 7,
    "confused_with": {
      "ask_healthy_eating_basic": 1
    }
  },
  "thank": {
    "precision": 1.0,
    "recall": 0.5,
    "f1-score": 0.6666666666666666,
    "support": 2,
    "confused_with": {
      "ask_for_help": 1
    }
  },
  "accuracy": 0.7931034482758621,
  "macro avg": {
    "precision": 0.875,
    "recall": 0.7425595238095238,
    "f1-score": 0.7738095238095237,
    "support": 29
  },
  "weighted avg": {
    "precision": 0.8247126436781609,
    "recall": 0.7931034482758621,
    "f1-score": 0.7869458128078817,
    "support": 29
  }
}