{
  "dish_categories": {
    "precision": 1.0,
    "recall": 0.5,
    "f1-score": 0.6666666666666666,
    "support": 4,
    "confused_with": {
      "proteins": 1
    }
  },
  "proteins": {
    "precision": 0.5,
    "recall": 1.0,
    "f1-score": 0.6666666666666666,
    "support": 2,
    "confused_with": {}
  },
  "fruits": {
    "precision": 1.0,
    "recall": 0.75,
    "f1-score": 0.8571428571428571,
    "support": 4,
    "confused_with": {}
  },
  "grains": {
    "precision": 0.5,
    "recall": 0.3333333333333333,
    "f1-score": 0.4,
    "support": 3,
    "confused_with": {}
  },
  "vegetables": {
    "precision": 1.0,
    "recall": 0.14285714285714285,
    "f1-score": 0.25,
    "support": 7,
    "confused_with": {
      "proteins": 1
    }
  },
  "cuisine": {
    "precision": 1.0,
    "recall": 1.0,
    "f1-score": 1.0,
    "support": 1,
    "confused_with": {}
  },
  "dairy": {
    "precision": 1.0,
    "recall": 1.0,
    "f1-score": 1.0,
    "support": 1,
    "confused_with": {}
  },
  "micro avg": {
    "precision": 0.7857142857142857,
    "recall": 0.5,
    "f1-score": 0.6111111111111112,
    "support": 22
  },
  "macro avg": {
    "precision": 0.8571428571428571,
    "recall": 0.6751700680272109,
    "f1-score": 0.6914965986394558,
    "support": 22
  },
  "weighted avg": {
    "precision": 0.8863636363636364,
    "recall": 0.5,
    "f1-score": 0.5626623376623378,
    "support": 22
  }
}