{
  "dish_categories": {
    "precision": 0.0,
    "recall": 0.0,
    "f1-score": 0.0,
    "support": 2,
    "confused_with": {
      "grains": 1
    }
  },
  "proteins": {
    "precision": 1.0,
    "recall": 0.3333333333333333,
    "f1-score": 0.5,
    "support": 3,
    "confused_with": {}
  },
  "fruits": {
    "precision": 0.0,
    "recall": 0.0,
    "f1-score": 0.0,
    "support": 1,
    "confused_with": {}
  },
  "vegetables": {
    "precision": 0.3333333333333333,
    "recall": 0.25,
    "f1-score": 0.28571428571428575,
    "support": 4,
    "confused_with": {}
  },
  "cuisine": {
    "precision": 0.0,
    "recall": 0.0,
    "f1-score": 0.0,
    "support": 1,
    "confused_with": {}
  },
  "dairy": {
    "precision": 0.5,
    "recall": 0.16666666666666666,
    "f1-score": 0.25,
    "support": 6,
    "confused_with": {}
  },
  "micro avg": {
    "precision": 0.5,
    "recall": 0.17647058823529413,
    "f1-score": 0.2608695652173913,
    "support": 17
  },
  "macro avg": {
    "precision": 0.3055555555555555,
    "recall": 0.12499999999999999,
    "f1-score": 0.17261904761904764,
    "support": 17
  },
  "weighted avg": {
    "precision": 0.4313725490196078,
    "recall": 0.17647058823529413,
    "f1-score": 0.24369747899159666,
    "support": 17
  }
}