{
  "dish_categories": {
    "precision": 0.0,
    "recall": 0.0,
    "f1-score": 0.0,
    "support": 2,
    "confused_with": {}
  },
  "proteins": {
    "precision": 1.0,
    "recall": 0.3333333333333333,
    "f1-score": 0.5,
    "support": 3,
    "confused_with": {}
  },
  "fruits": {
    "precision": 1.0,
    "recall": 1.0,
    "f1-score": 1.0,
    "support": 1,
    "confused_with": {}
  },
  "vegetables": {
    "precision": 0.5,
    "recall": 0.25,
    "f1-score": 0.3333333333333333,
    "support": 4,
    "confused_with": {}
  },
  "cuisine": {
    "precision": 1.0,
    "recall": 1.0,
    "f1-score": 1.0,
    "support": 1,
    "confused_with": {}
  },
  "dairy": {
    "precision": 0.0,
    "recall": 0.0,
    "f1-score": 0.0,
    "support": 6,
    "confused_with": {}
  },
  "micro avg": {
    "precision": 0.8,
    "recall": 0.23529411764705882,
    "f1-score": 0.3636363636363636,
    "support": 17
  },
  "macro avg": {
    "precision": 0.5833333333333334,
    "recall": 0.4305555555555555,
    "f1-score": 0.47222222222222215,
    "support": 17
  },
  "weighted avg": {
    "precision": 0.4117647058823529,
    "recall": 0.23529411764705882,
    "f1-score": 0.28431372549019607,
    "support": 17
  }
}