{
  "ask_healthy_eating_basic": {
    "precision": 0.5555555555555556,
    "recall": 0.8333333333333334,
    "f1-score": 0.6666666666666667,
    "support": 6,
    "confused_with": {
      "ask_healthy_eating_examples": 1
    }
  },
  "ask_recipe": {
    "precision": 1.0,
    "recall": 0.3333333333333333,
    "f1-score": 0.5,
    "support": 3,
    "confused_with": {
      "ask_for_help": 2
    }
  },
  "ask_for_help": {
    "precision": 0.42857142857142855,
    "recall": 0.75,
    "f1-score": 0.5454545454545454,
    "support": 4,
    "confused_with": {
      "ask_healthy_eating_basic": 1
    }
  },
  "goodbye": {
    "precision": 0.0,
    "recall": 0.0,
    "f1-score": 0.0,
    "support": 2,
    "confused_with": {
      "greet": 2
    }
  },
  "greet": {
    "precision": 0.5,
    "recall": 0.6666666666666666,
    "f1-score": 0.5714285714285715,
    "support": 3,
    "confused_with": {
      "ask_for_help": 1
    }
  },
  "ask_for_a_joke": {
    "precision": 1.0,
    "recall": 0.5,
    "f1-score": 0.6666666666666666,
    "support": 2,
    "confused_with": {
      "ask_healthy_eating_basic": 1
    }
  },
  "ask_healthy_eating_examples": {
    "precision": 0.8333333333333334,
    "recall": 0.7142857142857143,
    "f1-score": 0.7692307692307692,
    "support": 7,
    "confused_with": {
      "ask_healthy_eating_basic": 2
    }
  },
  "thank": {
    "precision": 1.0,
    "recall": 0.5,
    "f1-score": 0.6666666666666666,
    "support": 2,
    "confused_with": {
      "ask_for_help": 1
    }
  },
  "accuracy": 0.6206896551724138,
  "macro avg": {
    "precision": 0.6646825396825398,
    "recall": 0.5372023809523809,
    "f1-score": 0.5482642357642358,
    "support": 29
  },
  "weighted avg": {
    "precision": 0.6683087027914614,
    "recall": 0.6206896551724138,
    "f1-score": 0.6016339981857223,
    "support": 29
  }
}