{
  "ask_healthy_eating_basic": {
    "precision": 0.8333333333333334,
    "recall": 0.8333333333333334,
    "f1-score": 0.8333333333333334,
    "support": 6,
    "confused_with": {
      "ask_healthy_eating_examples": 1
    }
  },
  "ask_recipe": {
    "precision": 1.0,
    "recall": 1.0,
    "f1-score": 1.0,
    "support": 3,
    "confused_with": {}
  },
  "ask_for_help": {
    "precision": 0.8,
    "recall": 1.0,
    "f1-score": 0.888888888888889,
    "support": 4,
    "confused_with": {}
  },
  "goodbye": {
    "precision": 1.0,
    "recall": 1.0,
    "f1-score": 1.0,
    "support": 2,
    "confused_with": {}
  },
  "greet": {
    "precision": 1.0,
    "recall": 1.0,
    "f1-score": 1.0,
    "support": 3,
    "confused_with": {}
  },
  "ask_for_a_joke": {
    "precision": 1.0,
    "recall": 1.0,
    "f1-score": 1.0,
    "support": 2,
    "confused_with": {}
  },
  "ask_healthy_eating_examples": {
    "precision": 0.8571428571428571,
    "recall": 0.8571428571428571,
    "f1-score": 0.8571428571428571,
    "support": 7,
    "confused_with": {
      "ask_healthy_eating_basic": 1
    }
  },
  "thank": {
    "precision": 1.0,
    "recall": 0.5,
    "f1-score": 0.6666666666666666,
    "support": 2,
    "confused_with": {
      "ask_for_help": 1
    }
  },
  "accuracy": 0.896551724137931,
  "macro avg": {
    "precision": 0.9363095238095238,
    "recall": 0.8988095238095238,
    "f1-score": 0.9057539682539683,
    "support": 29
  },
  "weighted avg": {
    "precision": 0.903448275862069,
    "recall": 0.896551724137931,
    "f1-score": 0.8927203065134098,
    "support": 29
  }
}