{
  "ask_healthy_eating_basic": {
    "precision": 0.6,
    "recall": 1.0,
    "f1-score": 0.7499999999999999,
    "support": 6,
    "confused_with": {}
  },
  "ask_recipe": {
    "precision": 1.0,
    "recall": 0.3333333333333333,
    "f1-score": 0.5,
    "support": 3,
    "confused_with": {
      "ask_healthy_eating_basic": 1,
      "ask_for_help": 1
    }
  },
  "ask_for_help": {
    "precision": 0.8,
    "recall": 1.0,
    "f1-score": 0.888888888888889,
    "support": 4,
    "confused_with": {}
  },
  "goodbye": {
    "precision": 0.3333333333333333,
    "recall": 0.5,
    "f1-score": 0.4,
    "support": 2,
    "confused_with": {
      "thank": 1
    }
  },
  "greet": {
    "precision": 1.0,
    "recall": 0.3333333333333333,
    "f1-score": 0.5,
    "support": 3,
    "confused_with": {
      "goodbye": 1,
      "ask_healthy_eating_basic": 1
    }
  },
  "ask_for_a_joke": {
    "precision": 0.0,
    "recall": 0.0,
    "f1-score": 0.0,
    "support": 2,
    "confused_with": {
      "ask_healthy_eating_examples": 2
    }
  },
  "ask_healthy_eating_examples": {
    "precision": 0.7142857142857143,
    "recall": 0.7142857142857143,
    "f1-score": 0.7142857142857143,
    "support": 7,
    "confused_with": {
      "ask_healthy_eating_basic": 2
    }
  },
  "thank": {
    "precision": 0.6666666666666666,
    "recall": 0.6666666666666666,
    "f1-score": 0.6666666666666666,
    "support": 3,
    "confused_with": {
      "goodbye": 1
    }
  },
  "accuracy": 0.6666666666666666,
  "macro avg": {
    "precision": 0.6392857142857142,
    "recall": 0.5684523809523809,
    "f1-score": 0.5524801587301587,
    "support": 30
  },
  "weighted avg": {
    "precision": 0.6822222222222223,
    "recall": 0.6666666666666666,
    "f1-score": 0.6285185185185185,
    "support": 30
  }
}