{
  "config_roberta": [
    [
      0.8927203065134098,
      0.7856321839080459,
      0.7192118226600984,
      0.6016339981857223
    ],
    [
      0.8796844181459564,
      0.8806834191449575,
      0.6923076923076923,
      0.82621865314173
    ],
    [
      0.8312820512820512,
      0.8297883597883599,
      0.6844444444444444,
      0.747142857142857
    ]
  ],
  "config": [
    [
      0.8927203065134098,
      0.8927203065134098,
      0.8236453201970444,
      0.6366851539265332
    ],
    [
      0.7963369963369963,
      0.8806834191449575,
      0.6467948717948716,
      0.870069033530572
    ],
    [
      0.8257264957264958,
      0.9334798534798535,
      0.7936507936507937,
      0.8991941391941392
    ]
  ],
  "config_spacy": [
    [
      0.7869458128078817,
      0.6910919540229884,
      0.7205222937981558,
      0.5960591133004925
    ],
    [
      0.7463369963369962,
      0.8447859832475216,
      0.5912842059900882,
      0.7024642024642025
    ],
    [
      0.8239672364672365,
      0.8192063492063492,
      0.6285185185185185,
      0.7895909645909645
    ]
  ]
}