{
  "ask_healthy_eating_basic": {
    "precision": 0.8571428571428571,
    "recall": 1.0,
    "f1-score": 0.923076923076923,
    "support": 6,
    "confused_with": {}
  },
  "ask_recipe": {
    "precision": 1.0,
    "recall": 0.5,
    "f1-score": 0.6666666666666666,
    "support": 2,
    "confused_with": {
      "ask_healthy_eating_basic": 1
    }
  },
  "ask_for_help": {
    "precision": 0.6666666666666666,
    "recall": 0.6666666666666666,
    "f1-score": 0.6666666666666666,
    "support": 3,
    "confused_with": {
      "ask_healthy_eating_examples": 1
    }
  },
  "goodbye": {
    "precision": 1.0,
    "recall": 1.0,
    "f1-score": 1.0,
    "support": 1,
    "confused_with": {}
  },
  "greet": {
    "precision": 0.75,
    "recall": 1.0,
    "f1-score": 0.8571428571428571,
    "support": 3,
    "confused_with": {}
  },
  "ask_for_a_joke": {
    "precision": 1.0,
    "recall": 1.0,
    "f1-score": 1.0,
    "support": 2,
    "confused_with": {}
  },
  "ask_healthy_eating_examples": {
    "precision": 0.8571428571428571,
    "recall": 1.0,
    "f1-score": 0.923076923076923,
    "support": 6,
    "confused_with": {}
  },
  "thank": {
    "precision": 1.0,
    "recall": 0.3333333333333333,
    "f1-score": 0.5,
    "support": 3,
    "confused_with": {
      "greet": 1,
      "ask_for_help": 1
    }
  },
  "accuracy": 0.8461538461538461,
  "macro avg": {
    "precision": 0.8913690476190477,
    "recall": 0.8125,
    "f1-score": 0.8170787545787546,
    "support": 26
  },
  "weighted avg": {
    "precision": 0.8667582417582417,
    "recall": 0.8461538461538461,
    "f1-score": 0.82621865314173,
    "support": 26
  }
}