{
  "ask_healthy_eating_basic": {
    "precision": 0.75,
    "recall": 1.0,
    "f1-score": 0.8571428571428571,
    "support": 6,
    "confused_with": {}
  },
  "ask_recipe": {
    "precision": 1.0,
    "recall": 0.6666666666666666,
    "f1-score": 0.8,
    "support": 3,
    "confused_with": {
      "ask_healthy_eating_basic": 1
    }
  },
  "ask_for_help": {
    "precision": 0.6666666666666666,
    "recall": 1.0,
    "f1-score": 0.8,
    "support": 4,
    "confused_with": {}
  },
  "goodbye": {
    "precision": 1.0,
    "recall": 0.5,
    "f1-score": 0.6666666666666666,
    "support": 2,
    "confused_with": {
      "thank": 1
    }
  },
  "greet": {
    "precision": 1.0,
    "recall": 0.6666666666666666,
    "f1-score": 0.8,
    "support": 3,
    "confused_with": {
      "ask_for_help": 1
    }
  },
  "ask_for_a_joke": {
    "precision": 1.0,
    "recall": 0.5,
    "f1-score": 0.6666666666666666,
    "support": 2,
    "confused_with": {
      "ask_healthy_eating_examples": 1
    }
  },
  "ask_healthy_eating_examples": {
    "precision": 0.8571428571428571,
    "recall": 0.8571428571428571,
    "f1-score": 0.8571428571428571,
    "support": 7,
    "confused_with": {
      "ask_healthy_eating_basic": 1
    }
  },
  "thank": {
    "precision": 0.6666666666666666,
    "recall": 0.6666666666666666,
    "f1-score": 0.6666666666666666,
    "support": 3,
    "confused_with": {
      "ask_for_help": 1
    }
  },
  "accuracy": 0.8,
  "macro avg": {
    "precision": 0.8675595238095237,
    "recall": 0.7321428571428571,
    "f1-score": 0.7642857142857142,
    "support": 30
  },
  "weighted avg": {
    "precision": 0.8388888888888888,
    "recall": 0.8,
    "f1-score": 0.7936507936507937,
    "support": 30
  }
}