{
  "dish_categories": {
    "precision": 0.0,
    "recall": 0.0,
    "f1-score": 0.0,
    "support": 4,
    "confused_with": {}
  },
  "proteins": {
    "precision": 0.25,
    "recall": 0.3333333333333333,
    "f1-score": 0.28571428571428575,
    "support": 3,
    "confused_with": {}
  },
  "fruits": {
    "precision": 0.0,
    "recall": 0.0,
    "f1-score": 0.0,
    "support": 3,
    "confused_with": {}
  },
  "grains": {
    "precision": 0.0,
    "recall": 0.0,
    "f1-score": 0.0,
    "support": 1,
    "confused_with": {
      "proteins": 1
    }
  },
  "vegetables": {
    "precision": 0.5,
    "recall": 0.5,
    "f1-score": 0.5,
    "support": 2,
    "confused_with": {}
  },
  "dairy": {
    "precision": 0.5,
    "recall": 0.25,
    "f1-score": 0.3333333333333333,
    "support": 4,
    "confused_with": {
      "proteins": 2
    }
  },
  "micro avg": {
    "precision": 0.375,
    "recall": 0.17647058823529413,
    "f1-score": 0.24,
    "support": 17
  },
  "macro avg": {
    "precision": 0.20833333333333334,
    "recall": 0.18055555555555555,
    "f1-score": 0.1865079365079365,
    "support": 17
  },
  "weighted avg": {
    "precision": 0.22058823529411764,
    "recall": 0.17647058823529413,
    "f1-score": 0.1876750700280112,
    "support": 17
  }
}