{
  "ask_healthy_eating_basic": {
    "precision": 0.6666666666666666,
    "recall": 0.6666666666666666,
    "f1-score": 0.6666666666666666,
    "support": 6,
    "confused_with": {
      "ask_healthy_eating_examples": 2
    }
  },
  "ask_recipe": {
    "precision": 1.0,
    "recall": 1.0,
    "f1-score": 1.0,
    "support": 3,
    "confused_with": {}
  },
  "ask_for_help": {
    "precision": 0.6666666666666666,
    "recall": 0.5,
    "f1-score": 0.5714285714285715,
    "support": 4,
    "confused_with": {
      "goodbye": 1,
      "ask_healthy_eating_examples": 1
    }
  },
  "goodbye": {
    "precision": 0.5,
    "recall": 0.5,
    "f1-score": 0.5,
    "support": 2,
    "confused_with": {
      "greet": 1
    }
  },
  "greet": {
    "precision": 0.75,
    "recall": 1.0,
    "f1-score": 0.8571428571428571,
    "support": 3,
    "confused_with": {}
  },
  "ask_for_a_joke": {
    "precision": 1.0,
    "recall": 1.0,
    "f1-score": 1.0,
    "support": 2,
    "confused_with": {}
  },
  "ask_healthy_eating_examples": {
    "precision": 0.625,
    "recall": 0.7142857142857143,
    "f1-score": 0.6666666666666666,
    "support": 7,
    "confused_with": {
      "ask_healthy_eating_basic": 2
    }
  },
  "thank": {
    "precision": 1.0,
    "recall": 0.5,
    "f1-score": 0.6666666666666666,
    "support": 2,
    "confused_with": {
      "ask_for_help": 1
    }
  },
  "accuracy": 0.7241379310344828,
  "macro avg": {
    "precision": 0.7760416666666666,
    "recall": 0.7351190476190477,
    "f1-score": 0.7410714285714286,
    "support": 29
  },
  "weighted avg": {
    "precision": 0.7341954022988505,
    "recall": 0.7241379310344828,
    "f1-score": 0.7192118226600984,
    "support": 29
  }
}